,Local.Authority,Eligible,ValidVotes,PctTurnout,Con,Lab,LD,UKIP,Green,BNP,SNP,PC,Other,GSSCode,MatchName
1,ABERDEEN CITY,164177,52133,31.8,0.1884411026,0.2382368174,0.0883317668,0.0963880843,0.0714135001,0.0071931406,0.2956284887,NA,0.0143670995,S12000033,Aberdeen City
2,ABERDEENSHIRE,194190,63274,32.6,0.2482852356,0.1011789993,0.1402787875,0.1172677561,0.0570850586,0.0091032652,0.3129563486,NA,0.0138445491,S12000034,Aberdeenshire
3,ANGUS,87561,29237,33.4,0.2576871772,0.1288777918,0.0508260081,0.109450354,0.0538358929,0.0081061668,0.3777405343,NA,0.0134760748,S12000041,Angus
4,ARGYLL & BUTE,67668,27423,40.5,0.1892936586,0.1347409109,0.188673741,0.1104911935,0.0697224957,0.0071108194,0.2841410495,NA,0.0158261313,S12000035,Argyll and Bute
5,CLACKMANNANSHIRE,37371,12181,32.6,0.1333223873,0.3140136278,0.0363681143,0.0999917905,0.0604219686,0.0082095066,0.3344552992,NA,0.0132173056,S12000005,Clackmannanshire
6,DUMFRIES & GALLOWAY,116696,42703,36.6,0.3311945297,0.2086270285,0.0423389457,0.1346977964,0.0566236564,0.0085005737,0.2021872,NA,0.0158302695,S12000006,Dumfries and Galloway
7,DUNDEE CITY,105979,33693,31.8,0.1190158193,0.2686017867,0.0370403348,0.0880004749,0.0650877037,0.0071528211,0.4028433206,NA,0.012257739,S12000042,Dundee City
8,EAST AYRSHIRE,95370,27941,29.3,0.1415482624,0.3319136752,0.0225117211,0.0985290433,0.0466697684,0.0089832146,0.3335600014,NA,0.0162843134,S12000008,East Ayrshire
9,EAST DUNBARTONSHIRE,82290,31587,38.4,0.1709880647,0.2366479881,0.1424636718,0.099661253,0.0761389179,0.0049703992,0.2575110014,NA,0.0116187039,S12000045,East Dunbartonshire
10,EAST LOTHIAN,77617,27809,35.8,0.2088172894,0.2928907908,0.0570318961,0.0991046064,0.0809090582,0.0049264627,0.2438419217,NA,0.0124779748,S12000010,East Lothian
11,EAST RENFREWSHIRE,67123,28888,43,0.2784547217,0.2638811963,0.0412281916,0.1020839103,0.0703060094,0.0043270562,0.2272223761,NA,0.0124965384,S12000011,East Renfrewshire
12,CITY OF EDINBURGH,341154,141695,41.5,0.1944599315,0.2311867038,0.0887469565,0.0775750732,0.1611630615,0.0047708105,0.2309255796,NA,0.0111718833,S12000036,City of Edinburgh
13,FALKIRK,115308,34161,29.6,0.1182049706,0.3027721671,0.0251456339,0.1276309242,0.0598928603,0.0103626943,0.3378706712,NA,0.0181200785,S12000014,Falkirk
14,FIFE,286631,91606,32,0.1360172914,0.3067593826,0.0868502063,0.1038687422,0.0652249853,0.0069864419,0.2801126564,NA,0.0141802939,S12000015,Fife
15,CITY OF GLASGOW,460099,129552,28.2,0.084792207,0.3525688527,0.0295634186,0.0975515623,0.1185547116,0.0092318143,0.2919291095,NA,0.0158083241,S12000046,Glasgow City
16,HIGHLAND,180046,65167,36.2,0.1394570872,0.1406079764,0.1870425215,0.1199686958,0.0861632421,0.0066751577,0.3039882149,NA,0.0160971044,S12000017,Highland
17,INVERCLYDE,57765,20306,35.2,0.1417315079,0.3588102039,0.0479168719,0.0929281986,0.0457500246,0.0070422535,0.2876982173,NA,0.0181227223,S12000018,Inverclyde
18,MIDLOTHIAN,65625,22097,33.7,0.1316015749,0.3119427977,0.0516812237,0.1068470833,0.0861202878,0.0079648821,0.2889985066,NA,0.0148436439,S12000019,Midlothian
19,MORAY,70915,22561,31.8,0.2424981162,0.1309782368,0.0534107531,0.1358095829,0.0713177607,0.0088648553,0.338681796,NA,0.018438899,S12000020,Moray
20,NORTH AYRSHIRE,108291,33136,30.6,0.1698153066,0.2884476099,0.0258027523,0.1122646065,0.053416224,0.0090234186,0.3239980686,NA,0.0172320135,S12000021,North Ayrshire
21,NORTH LANARKSHIRE,252954,70941,28,0.085098885,0.4005723066,0.0164502897,0.1074554912,0.0516626492,0.0104312034,0.3084816961,NA,0.0198474789,S12000044,North Lanarkshire
22,ORKNEY ISLANDS,16718,5165,30.9,0.1314617619,0.0902226525,0.353339787,0.1196515005,0.1198451113,0.0067763795,0.1688286544,NA,0.009874153,S12000023,Orkney Islands
23,PERTH & KINROSS,111167,43253,38.9,0.2983839271,0.1130557418,0.0780755092,0.1014033709,0.0629551707,0.0049245139,0.3299424317,NA,0.0112593346,S12000024,Perth and Kinross
24,RENFREWSHIRE,123019,45540,37,0.1268555116,0.3518006148,0.0331137462,0.1042599912,0.0617039965,0.0079710145,0.296420729,NA,0.0178743961,S12000038,Renfrewshire
25,SCOTTISH BORDERS,91488,32730,35.8,0.3046746104,0.1027497709,0.1669721968,0.1239841124,0.0751298503,0.0068438741,0.2069966392,NA,0.0126489459,S12000026,Scottish Borders
26,SHETLAND ISLANDS,17496,5159,29.5,0.105252956,0.1143632487,0.3401822059,0.1194029851,0.1236673774,0.0077534406,0.1738709052,NA,0.0155068812,S12000027,Shetland Islands
27,SOUTH AYRSHIRE,90400,32413,35.9,0.3038287107,0.222935242,0.0300805232,0.1030142227,0.047820319,0.0073735847,0.271094931,NA,0.0138524666,S12000028,South Ayrshire
28,SOUTH LANARKSHIRE,247269,74313,30.1,0.138078129,0.3346789929,0.0354581298,0.1101556928,0.0599087643,0.0093388775,0.2949012959,NA,0.0174801179,S12000029,South Lanarkshire
29,STIRLING,66074,25129,38,0.2215766644,0.2248796212,0.0571053365,0.0875880457,0.1050579012,0.0050539218,0.2888296391,NA,0.0099088702,S12000030,Stirling
30,WEST DUNBARTONSHIRE,67186,20060,29.9,0.0809571286,0.3804087737,0.01889332,0.105333998,0.0667497507,0.007328016,0.3224327019,NA,0.0178963111,S12000039,West Dunbartonshire
31,WEST LOTHIAN,129049,43943,34.1,0.1161049541,0.3170470837,0.0324283731,0.118972305,0.0616708008,0.0102860524,0.324943677,NA,0.0185467537,S12000040,West Lothian
32,WESTERN ISLES - COMHAIRLE NAN EILEAN SIAR,22039,7687,34.9,0.0989983088,0.2396253415,0.0316118122,0.1101860284,0.065044881,0.0085859243,0.430597112,NA,0.0153505919,S12000013,Comhairle nan Eilean Siar
33,Blaenau Gwent,52800,14229,26.9,0.0620563638,0.4653173097,0.0134232905,0.3021997329,0.0232623515,0.0209431443,NA,0.0818047649,0.0309930424,W06000019,Blaenau Gwent
34,Bridgend,103303,30366,29.4,0.1518803925,0.3605677402,0.0284528749,0.2873608641,0.0356319568,0.0125139959,NA,0.097773826,0.0258183495,W06000013,Bridgend
35,Caerphilly,131092,38407,29.3,0.0894107845,0.3711042258,0.0174707736,0.3074699924,0.033353295,0.0147889708,NA,0.1403910745,0.0260108834,W06000018,Caerphilly
36,Cardiff,255556,80924,31.7,0.1890292126,0.30891948,0.0673965696,0.227003114,0.0733898473,0.0080569423,NA,0.1076689239,0.0185359102,W06000015,Cardiff
37,Carmarthenshire,139411,50362,36.1,0.1327588261,0.2341646479,0.01896271,0.2473889043,0.0375084389,0.0083991899,NA,0.3034232159,0.017394067,W06000010,Carmarthenshire
38,Ceredigion,55800,20475,36.7,0.1317704518,0.1030525031,0.1138949939,0.2021001221,0.0803907204,0.0061538462,NA,0.3486691087,0.013968254,W06000008,Ceredigion
39,Conwy,92062,28506,31,0.2547183049,0.1757875535,0.0309759349,0.3022872378,0.0371500737,0.0085596015,NA,0.1731565285,0.0173647653,W06000003,Conwy
40,Denbighshire,75135,24278,32.3,0.2466018618,0.23012604,0.0278029492,0.2703270451,0.0343932779,0.0090205124,NA,0.1624516023,0.0192767114,W06000004,Denbighshire
41,Flintshire,115697,36033,31.1,0.2091971249,0.2808814143,0.0330807871,0.32747759,0.0357172592,0.011406211,NA,0.0817861405,0.0204534732,W06000005,Flintshire
42,Gwynedd,83358,29261,35.1,0.1212193705,0.1501315745,0.0232732989,0.1975325519,0.048255357,0.0065616349,NA,0.4347083148,0.0183178975,W06000002,Gwynedd
43,Isle of Anglesey - Ynys Mon,49764,18826,37.8,0.1442154467,0.1622755763,0.0161478806,0.276266865,0.026346542,0.0080208223,NA,0.3510570488,0.0156698183,W06000001,Isle of Anglesey
44,Merthyr Tydfil,43679,11820,27.1,0.0704737733,0.3917935702,0.0205583756,0.3379864636,0.0262267343,0.0148054146,NA,0.1069373942,0.0312182741,W06000024,Merthyr Tydfil
45,Monmouthshire,71421,24011,33.6,0.3318895506,0.1976594061,0.043146891,0.2814126859,0.0620548915,0.0069551456,NA,0.0626379576,0.0142434717,W06000021,Monmouthshire
46,Neath & Port Talbot,107624,34875,32.4,0.085734767,0.4166594982,0.0186666667,0.2644874552,0.0319426523,0.0148817204,NA,0.1395555556,0.0280716846,W06000012,Neath Port Talbot
47,Newport,103169,31780,30.8,0.1826305853,0.3350534928,0.0333857772,0.3264946507,0.0384203902,0.0110761485,NA,0.0522655758,0.0206733795,W06000022,Newport
48,Pembrokeshire,90725,31957,35.2,0.2894514504,0.2130362675,0.0275057108,0.2805332165,0.0451857183,0.0087304816,NA,0.1196607942,0.0158963607,W06000009,Pembrokeshire
49,Powys,102713,37592,36.6,0.2702170675,0.1388859332,0.1294158332,0.2769738242,0.0635507555,0.0079006172,NA,0.0989306235,0.0141253458,W06000023,Powys
50,Rhondda Cynon Taff,173297,51519,29.7,0.075506124,0.3800345504,0.0203808304,0.2614763485,0.0321823017,0.0129855005,NA,0.1892117471,0.0282225975,W06000016,"Rhondda, Cynon, Taff"
51,Swansea,182567,54195,29.7,0.1614540087,0.3341452163,0.0404834394,0.282406126,0.0523295507,0.0111264877,NA,0.0948611496,0.0231940216,W06000011,Swansea
52,Torfaen,68636,20190,29.4,0.1386329866,0.3557701833,0.0254581476,0.3253590887,0.0352154532,0.0139673105,NA,0.0806339772,0.0249628529,W06000020,Torfaen
53,Vale Of Glamorgan,93098,33901,36.4,0.2710834489,0.233798413,0.0326244064,0.2824990413,0.0511489337,0.0074924044,NA,0.1027698298,0.0185835226,W06000014,The Vale of Glamorgan
54,Wrexham,100428,29553,29.4,0.1844482794,0.2726626738,0.0382025513,0.3237911549,0.0375934761,0.0133319798,NA,0.1086184144,0.0213514702,W06000006,Wrexham
55,Barking and Dagenham ,119810,45344,37.8,0.0822159492,0.4933177488,0.0130998589,0.2813823218,0.029441602,0.0253837332,NA,NA,0.0751587862,E09000002,Barking and Dagenham
56,Barnet ,236815,93476,39.5,0.3448371775,0.3078223287,0.0472634687,0.1501882836,0.0787581839,0.004963841,NA,NA,0.0661667166,E09000003,Barnet
57,Bexley ,179050,68225,38.1,0.2576035178,0.2072847197,0.0233345548,0.3758446317,0.0444851594,0.0173543422,NA,NA,0.0740930744,E09000004,Bexley
58,Brent ,192012,73602,38.3,0.1803891199,0.4680715198,0.0996304448,0.0871443711,0.0696040868,0.0093611587,NA,NA,0.0857992989,E09000005,Brent
59,Bromley ,231329,94466,40.8,0.3236402515,0.1578874939,0.0573751403,0.3110748841,0.080346368,0.006616137,NA,NA,0.0630597252,E09000006,Bromley
60,Camden ,140599,57700,41,0.1965857886,0.4037088388,0.0964991334,0.0924956672,0.1409358752,0.006169844,NA,NA,0.0636048527,E09000007,Camden
61,City of London ,6120,2274,37.2,0.3016710642,0.2401055409,0.1367634125,0.13764292,0.1279683377,0.0043975374,NA,NA,0.0514511873,E09000001,City of London
62,Croydon ,248923,97687,39.2,0.2731888583,0.3320707975,0.0385721744,0.2002313512,0.0699069477,0.0105541167,NA,NA,0.0754757542,E09000008,Croydon
63,Ealing ,219952,95305,43.3,0.2004931536,0.4557578301,0.057457636,0.1115576308,0.0734169246,0.0088243009,NA,NA,0.092492524,E09000009,Ealing
64,Enfield ,196782,77084,39.2,0.226142909,0.4163120751,0.0299543355,0.1851356961,0.0663561829,0.0077058793,NA,NA,0.068392922,E09000010,Enfield
65,Greenwich ,165222,63623,38.5,0.1608852145,0.4053251183,0.0405199378,0.2096883203,0.0861638087,0.0123854581,NA,NA,0.0850321425,E09000011,Greenwich
66,Hackney ,160081,65662,41,0.1121957906,0.5405104931,0.0564557887,0.049039018,0.1767841369,0.0047363772,NA,NA,0.0602783954,E09000012,Hackney
67,Hammersmith and Fulham ,115717,46801,40.4,0.3092455289,0.3316168458,0.0645285357,0.1225614837,0.0951048055,0.0058118416,NA,NA,0.0711309587,E09000013,Hammersmith and Fulham
68,Haringey ,175502,63501,36.2,0.1127383821,0.4843545771,0.1153210186,0.0711012425,0.1522653187,0.0045196139,NA,NA,0.0596998472,E09000014,Haringey
69,Harrow ,170864,71662,41.9,0.3124110407,0.355055678,0.0375652368,0.1400463286,0.0538500181,0.0089308141,NA,NA,0.0921408836,E09000015,Harrow
70,Havering ,184104,79228,43,0.2472610693,0.1556394204,0.0192987328,0.4362094209,0.0441889231,0.0171025395,NA,NA,0.080299894,E09000016,Havering
71,Hillingdon ,201367,73753,36.6,0.2714737028,0.2874188169,0.0333003403,0.2677314821,0.050099657,0.0126367741,NA,NA,0.0773392269,E09000017,Hillingdon
72,Hounslow ,173676,67206,38.7,0.2192363777,0.4128649228,0.038687022,0.1702675356,0.0658423355,0.0098056721,NA,NA,0.0832961343,E09000018,Hounslow
73,Islington ,142650,57510,40.3,0.1151278039,0.475186924,0.0893062076,0.0982785603,0.1565466875,0.0060685098,NA,NA,0.0594853069,E09000019,Islington
74,Kensington and Chelsea ,88359,29334,33.2,0.420808618,0.2188245722,0.0664075816,0.1472352901,0.0814413309,0.005318061,NA,NA,0.0599645463,E09000020,Kensington and Chelsea
75,Kingston upon Thames ,111306,49321,44.3,0.2976825287,0.1641085947,0.1753005819,0.1940349952,0.094706109,0.0063056305,NA,NA,0.06786156,E09000021,Kingston upon Thames
76,Lambeth ,201883,73366,36.3,0.1424229207,0.4698497942,0.0876700379,0.0786058937,0.1518414524,0.0056702015,NA,NA,0.0639396996,E09000022,Lambeth
77,Lewisham ,183938,70859,38.5,0.1151723846,0.4587561213,0.0600064918,0.1230612907,0.144342991,0.0074373051,NA,NA,0.0912234155,E09000023,Lewisham
78,Merton ,136701,59381,43.4,0.2491200889,0.3676596891,0.0658122969,0.1599501524,0.0763207086,0.0076287028,NA,NA,0.0735083613,E09000024,Merton
79,Newham ,173606,74565,43,0.1662710387,0.5844833367,0.0190840207,0.0833635083,0.0462549453,0.0097767049,NA,NA,0.0907664454,E09000025,Newham
80,Redbridge ,202197,81683,40.4,0.2382135818,0.4104648458,0.0428975429,0.1587233574,0.0559479941,0.0081045015,NA,NA,0.0856481765,E09000026,Redbridge
81,Richmond upon Thames ,132622,62838,47.4,0.3472739425,0.1317037461,0.1954072377,0.1545879882,0.1138005665,0.0040421401,NA,NA,0.0531843789,E09000027,Richmond upon Thames
82,Southwark ,193533,73115,37.8,0.1251726732,0.4320727621,0.1254188607,0.1098953703,0.1328044861,0.0076728441,NA,NA,0.0669630035,E09000028,Southwark
83,Sutton ,140553,60213,42.8,0.2459601747,0.1321641506,0.2010197134,0.2714530085,0.0609170777,0.0101639181,NA,NA,0.0783219571,E09000029,Sutton
84,Tower Hamlets ,164242,80211,48.8,0.1202702871,0.5418583486,0.0421263916,0.0980040144,0.1082021169,0.0104100435,NA,NA,0.0791287978,E09000030,Tower Hamlets
85,Waltham Forest ,164064,65920,40.2,0.1432342233,0.4278671117,0.0669902913,0.1619690534,0.1073725728,0.0088440534,NA,NA,0.0837226942,E09000031,Waltham Forest
86,Wandsworth ,215504,83691,38.8,0.347193844,0.3089101576,0.0719671171,0.1094980344,0.0995806001,0.0046838967,NA,NA,0.05816635,E09000032,Wandsworth
87,Westminster ,121161,41869,34.6,0.3389381165,0.3133344479,0.0644629678,0.1356612291,0.0792471757,0.0051828322,NA,NA,0.0631732308,E09000033,Westminster
88,Bath & North East Somerset ,131218,50447,38.4,0.272583107,0.1504747557,0.1408607053,0.2480425,0.1627450592,0.0055900252,NA,NA,0.0197038476,E06000022,Bath and North East Somerset
89,Bournemouth  ,132175,39649,30,0.2858584075,0.1220963959,0.069207294,0.3764533784,0.1037100557,0.0101137481,NA,NA,0.0325607203,E06000028,Bournemouth
90,Bristol  ,310708,113746,36.6,0.1855449862,0.2682907531,0.0986056653,0.2259420111,0.1926749072,0.0078332425,NA,NA,0.0211084346,E06000023,"Bristol, City of"
91,Cheltenham ,86681,33119,38.2,0.305655364,0.0935112775,0.2162202965,0.2485280353,0.1074307799,0.0058576648,NA,NA,0.022796582,E07000078,Cheltenham
92,Christchurch ,39435,14895,37.8,0.3458207452,0.0816381336,0.0539778449,0.4073850285,0.0729103726,0.0063779792,NA,NA,0.0318898959,E07000048,Christchurch
93,Cornwall ,407477,146960,36.1,0.2565187806,0.1097033206,0.1213935765,0.3670590637,0.1115813827,0.0075258574,NA,NA,0.0262180185,E06000052,Cornwall
94,Cotswold  ,68026,25997,38.2,0.4178559065,0.0862791861,0.1178212871,0.264068931,0.0867023118,0.0058083625,NA,NA,0.0214640151,E07000079,Cotswold
95,East Devon ,99143,40997,41.4,0.3328780155,0.0883723199,0.0752494085,0.3530746152,0.1213259507,0.0051955021,NA,NA,0.0239041881,E07000040,East Devon
96,East Dorset  ,71982,27788,38.6,0.3699798474,0.0611774867,0.0894990643,0.3841946164,0.0637685332,0.0055779473,NA,NA,0.0258025047,E07000049,East Dorset
97,Exeter ,86101,34991,40.6,0.2168271841,0.2745848933,0.0788774256,0.2515218199,0.1498671087,0.0059729645,NA,NA,0.0223486039,E07000041,Exeter
98,Forest of Dean ,65876,23717,36,0.2739385251,0.1799553063,0.0521988447,0.3524476114,0.1091200405,0.007252182,NA,NA,0.02508749,E07000080,Forest of Dean
99,Gibraltar Parliament ,22265,7180,32.2,0.1721448468,0.0917827298,0.6715877437,0.0403899721,0.0116991643,0.0058495822,NA,NA,0.006545961,NA,Gibraltar
100,Gloucester  ,90598,31594,34.9,0.2758435146,0.2183642464,0.0737165285,0.3219915174,0.0664366652,0.0089257454,NA,NA,0.0347217826,E07000081,Gloucester
101,Isles of Scilly ,1669,529,31.7,0.258979206,0.1058601134,0.1474480151,0.2835538752,0.1644612476,0.0056710775,NA,NA,0.034026465,E06000053,Isles of Scilly
102,Mendip  ,84310,31749,37.7,0.2987180699,0.0897351098,0.1532961668,0.28331601,0.1466502882,0.0054489905,NA,NA,0.0228353649,E07000187,Mendip
103,Mid Devon  ,59599,22052,37,0.3270905133,0.0993107201,0.0905133321,0.3253673136,0.1286051152,0.0071195356,NA,NA,0.02199347,E07000042,Mid Devon
104,North Devon  ,74361,27265,36.7,0.2726572529,0.0766917293,0.146708234,0.3635430039,0.1071703649,0.0065285164,NA,NA,0.0267008986,E07000043,North Devon
105,North Dorset  ,51784,20688,40,0.3575986079,0.0668986852,0.0927107502,0.3558584687,0.0976411446,0.0056071152,NA,NA,0.0236852282,E07000050,North Dorset
106,North Somerset ,158487,56755,35.8,0.3117610783,0.12164567,0.0965201304,0.329133997,0.108096203,0.0076469034,NA,NA,0.025196018,E06000024,North Somerset
107,Plymouth ,179688,67335,37.5,0.2352268508,0.232093265,0.0436771367,0.3699858914,0.0766169154,0.0118066384,NA,NA,0.0305933021,E06000026,Plymouth
108,Poole ,114273,37160,32.5,0.2939181916,0.1005113025,0.1039289559,0.3854682454,0.0799515608,0.0076695371,NA,NA,0.0285522067,E06000029,Poole
109,Purbeck District Council ,35853,14604,40.7,0.3266228431,0.0879211175,0.1209942482,0.3395645029,0.0861407833,0.0060942208,NA,NA,0.0326622843,E07000051,Purbeck
110,Sedgemoor ,86225,29526,34.2,0.2925895821,0.1138657454,0.0985572038,0.3798685904,0.0812842918,0.0092122197,NA,NA,0.0246223667,E07000188,Sedgemoor
111,South Gloucestershire ,204935,73266,35.8,0.2735648186,0.1614254907,0.1114022876,0.3391341141,0.0793137335,0.0088035378,NA,NA,0.0263560178,E06000025,South Gloucestershire
112,South Hams ,67649,28009,41.4,0.3443536006,0.0912206791,0.0804027277,0.2876932415,0.1721589489,0.0042843372,NA,NA,0.0198864651,E07000044,South Hams
113,South Somerset  ,127884,50020,39.1,0.2904038385,0.0663934426,0.1946421431,0.3355857657,0.0830867653,0.0058776489,NA,NA,0.0240103958,E07000189,South Somerset
114,Stroud  ,90314,38099,42.2,0.3005590698,0.1855954225,0.0653035513,0.2453607706,0.1713430799,0.007139295,NA,NA,0.024698811,E07000082,Stroud
115,Swindon  ,156315,55415,35.5,0.2679599386,0.2477488045,0.0651087251,0.3071551024,0.0729585852,0.0090769647,NA,NA,0.0299918795,E06000030,Swindon
116,Taunton Deane ,77039,29765,38.6,0.2970939022,0.0928607425,0.1583067361,0.315336805,0.1052914497,0.0063833361,NA,NA,0.0247270284,E07000190,Taunton Deane
117,Teignbridge  ,101476,39313,38.7,0.3030040953,0.0934550912,0.1143896421,0.3397858215,0.1185104164,0.0071477628,NA,NA,0.0237071707,E07000045,Teignbridge
118,Tewkesbury  ,65589,22897,34.9,0.3606149277,0.1063894833,0.0998820806,0.3129230904,0.0852950168,0.006420055,NA,NA,0.0284753461,E07000083,Tewkesbury
119,Torbay  ,104642,33933,32.4,0.2594524504,0.0935962043,0.1074764978,0.4322046386,0.072407391,0.007986326,NA,NA,0.0268764919,E06000027,Torbay
120,Torridge  ,51583,19869,38.5,0.2871810358,0.0840002013,0.0803261362,0.4031909004,0.1123861291,0.006643515,NA,NA,0.0262720821,E07000046,Torridge
121,West Devon  ,42709,18084,42.3,0.3328356558,0.0844392833,0.0868170759,0.3412961734,0.1259124088,0.0061933201,NA,NA,0.0225060827,E07000047,West Devon
122,West Dorset  ,80548,32644,40.5,0.3378262468,0.0937691459,0.1153963975,0.2987378998,0.1253216518,0.0049626271,NA,NA,0.0239860311,E07000052,West Dorset
123,West Somerset ,27971,10929,39.1,0.3368103212,0.0902186842,0.0850947022,0.3577637478,0.1004666484,0.0063134779,NA,NA,0.0233324183,E07000191,West Somerset
124,Weymouth & Portland ,49592,17999,36.3,0.2535140841,0.1944552475,0.0773376299,0.3359631091,0.0931718429,0.008222679,NA,NA,0.0373354075,E07000053,Weymouth and Portland
125,Wiltshire ,353735,130457,36.9,0.3549522065,0.0993507439,0.1016426869,0.3139041983,0.0978789946,0.0066611987,NA,NA,0.0256099711,E06000054,Wiltshire
126,Adur ,48250,18051,37.4,0.2845825716,0.1480804388,0.065037948,0.362639189,0.0798293723,0.006537034,NA,NA,0.0532934463,E07000223,Adur
127,Arun ,111422,42023,37.7,0.3051662185,0.0945196678,0.0524474692,0.4262665683,0.0683435262,0.0066868144,NA,NA,0.0465697356,E07000224,Arun
128,Ashford ,88719,31399,35.4,0.3023026211,0.1242077773,0.0555750183,0.3889295837,0.0755756553,0.0078346444,NA,NA,0.0455746998,E07000105,Ashford
129,Aylesbury Vale ,135629,47744,35.2,0.3152438003,0.1161821381,0.0879063338,0.3533428284,0.0824187332,0.0072469839,NA,NA,0.0376591823,E07000004,Aylesbury Vale
130,Basingstoke and Deane  ,129832,47110,36.3,0.3333050308,0.1510719592,0.0802801953,0.2965187858,0.0794098917,0.0086605816,NA,NA,0.0507535555,E07000084,Basingstoke and Deane
131,Bracknell Forest ,84702,27756,32.8,0.324650526,0.1528318201,0.0625450353,0.329478311,0.0733535092,0.0103761349,NA,NA,0.0467646635,E06000036,Bracknell Forest
132,Brighton & Hove  ,200433,75781,37.8,0.2061994431,0.2693815072,0.0531135773,0.1874480411,0.2452593658,0.0040775392,NA,NA,0.0345205263,E06000043,Brighton and Hove
133,Canterbury ,111683,39153,35.1,0.2571450464,0.153551452,0.0774142467,0.3437539908,0.1224427247,0.0059254719,NA,NA,0.0397670677,E07000106,Canterbury
134,Cherwell  ,106035,38238,36.1,0.3226894712,0.1721847377,0.0725717872,0.2875673414,0.0873476646,0.0088393744,NA,NA,0.0487996234,E07000177,Cherwell
135,Chichester  ,90266,32778,36.3,0.3738178046,0.0844773934,0.072701202,0.3240588199,0.1004027091,0.0051864055,NA,NA,0.0393556654,E07000225,Chichester
136,Chiltern ,72940,28453,39,0.3733525463,0.0849471058,0.0816434119,0.3269953959,0.0935929427,0.0045337926,NA,NA,0.0349348048,E07000005,Chiltern
137,Crawley  ,75409,27438,36.4,0.2483052701,0.280851374,0.0358626722,0.3211604344,0.0505138859,0.0111888622,NA,NA,0.0521175013,E07000226,Crawley
138,Dartford ,71466,26380,36.9,0.2413191812,0.2017816528,0.0290371494,0.4078089462,0.0483699773,0.0116376042,NA,NA,0.060045489,E07000107,Dartford
139,Dover  ,84784,33145,39.1,0.2448333082,0.2005732388,0.0455875698,0.3924875547,0.0642027455,0.0076632976,NA,NA,0.0446522854,E07000108,Dover
140,East Hampshire  ,87320,32012,36.7,0.3943833562,0.0794077221,0.0888104461,0.3006060227,0.0912470324,0.0050918406,NA,NA,0.0404535799,E07000085,East Hampshire
141,Eastbourne ,70976,26146,36.8,0.2679951044,0.0964583493,0.1557790867,0.3639562457,0.065822688,0.0055457814,NA,NA,0.0444427446,E07000061,Eastbourne
142,Eastleigh  ,97495,37372,38.3,0.2421866638,0.0977737343,0.1988654608,0.3499143744,0.0659317136,0.0063684042,NA,NA,0.0389596489,E07000086,Eastleigh
143,Elmbridge  ,95732,36419,38,0.4312309509,0.1032977292,0.0909415415,0.2461901755,0.0805623438,0.0047502677,NA,NA,0.0430269914,E07000207,Elmbridge
144,Epsom & Ewell  ,56309,19778,35.1,0.3259176863,0.1408130246,0.0839316412,0.3202548286,0.0818586308,0.0056122965,NA,NA,0.041611892,E07000208,Epsom and Ewell
145,Fareham ,89945,34789,38.7,0.3568656759,0.0863203886,0.0889074133,0.3395038662,0.0741326281,0.0066112852,NA,NA,0.0476587427,E07000087,Fareham
146,Gosport ,62834,20958,33.4,0.3133409676,0.1182841874,0.0618379616,0.3720297738,0.0639851131,0.0107357572,NA,NA,0.0597862391,E07000088,Gosport
147,Gravesham ,72854,26018,35.7,0.2343377662,0.2235375509,0.0264432316,0.41532785,0.0467753094,0.0084172496,NA,NA,0.0451610424,E07000109,Gravesham
148,Guildford ,101508,38587,38,0.3784953482,0.1037655169,0.1183818384,0.2572368933,0.0937103169,0.005753233,NA,NA,0.0426568533,E07000209,Guildford
149,Hart  ,69411,27044,39,0.4183182961,0.0741384411,0.1025735838,0.2748483952,0.077318444,0.0059532614,NA,NA,0.0468495785,E07000089,Hart
150,Hastings ,59949,22821,38.1,0.2100696727,0.281626572,0.0446080365,0.3055957232,0.0932036282,0.0088514964,NA,NA,0.056044871,E07000062,Hastings
151,Havant ,94930,30878,32.5,0.306885161,0.1067750502,0.0616296392,0.3838331498,0.0797979144,0.010266209,NA,NA,0.0508128765,E07000090,Havant
152,Horsham  ,100726,37456,37.2,0.3550299018,0.0874359248,0.0890378044,0.333404528,0.0894916702,0.0052328065,NA,NA,0.0403673644,E07000227,Horsham
153,Isle of Wight  ,111879,35506,31.7,0.2629133104,0.1044330536,0.055455416,0.4093111023,0.1085450346,0.0082802907,NA,NA,0.0510617924,E06000046,Isle of Wight
154,Lewes  ,75223,29095,38.7,0.2474995704,0.1254854786,0.1314315174,0.3251074068,0.1279601306,0.0039525692,NA,NA,0.038563327,E07000063,Lewes
155,Maidstone  ,108834,43186,39.7,0.2882878711,0.1067938684,0.112212291,0.3699578567,0.066595656,0.008058167,NA,NA,0.0480942898,E07000110,Maidstone
156,Medway  ,193650,65101,33.6,0.2310717193,0.1912105805,0.0371730081,0.418810771,0.0565889925,0.0116895286,NA,NA,0.0534554001,E06000035,Medway
157,Mid Sussex ,106869,37447,35,0.3543675061,0.1023579993,0.0865222848,0.3187171202,0.0957086015,0.0042727054,NA,NA,0.0380537827,E07000228,Mid Sussex
158,Milton Keynes ,179683,64978,36.2,0.2545169134,0.2458370525,0.0807657977,0.2870663917,0.0725784112,0.010942165,NA,NA,0.0482932685,E06000042,Milton Keynes
159,Mole Valley  ,66885,29360,43.9,0.3802452316,0.0736716621,0.1315735695,0.2767711172,0.0877384196,0.0055858311,NA,NA,0.0444141689,E07000210,Mole Valley
160,New Forest  ,142683,50536,35.4,0.3483853095,0.0799430109,0.069574165,0.3733378186,0.0820405256,0.0058572107,NA,NA,0.0408619598,E07000091,New Forest
161,Oxford ,103855,39436,38,0.1520691754,0.3300284004,0.1352064104,0.1262551983,0.2114058221,0.0055786591,NA,NA,0.0394563343,E07000178,Oxford
162,Portsmouth ,143620,47362,33,0.2217811748,0.1699463705,0.1019171488,0.342299734,0.1035429247,0.0103669609,NA,NA,0.0501456864,E06000044,Portsmouth
163,Reading ,118074,38634,32.7,0.2328518921,0.3124449966,0.0734068437,0.2022053114,0.1236475643,0.0086193508,NA,NA,0.046824041,E06000038,Reading
164,Reigate and Banstead ,102286,38003,37.2,0.3564981712,0.105649554,0.073388943,0.3075020393,0.1010446544,0.0084730153,NA,NA,0.0474436229,E07000211,Reigate and Banstead
165,Rother  ,70082,27045,38.6,0.3142909965,0.1077463487,0.0620447402,0.3909779996,0.0760584211,0.0053984101,NA,NA,0.0434830837,E07000064,Rother
166,Royal Borough of Windsor & Maidenhead ,102320,36075,35.3,0.3980873181,0.1109078309,0.0844629245,0.2819126819,0.0761746362,0.0064864865,NA,NA,0.041968122,E06000040,Windsor and Maidenhead
167,Runnymede ,63842,20565,32.2,0.3359591539,0.1315827863,0.0522732798,0.3347434962,0.0793581327,0.009190372,NA,NA,0.056892779,E07000212,Runnymede
168,Rushmoor ,65349,22419,34.3,0.28703332,0.1621838619,0.0665060886,0.3439939337,0.0740889424,0.0127124314,NA,NA,0.053481422,E07000092,Rushmoor
169,Sevenoaks  ,85939,32140,37.4,0.3479153703,0.1042003734,0.0620099564,0.3694150591,0.0690728065,0.0063783447,NA,NA,0.0410080896,E07000111,Sevenoaks
170,Shepway ,80063,30334,37.9,0.2677523571,0.1005142744,0.0496802268,0.4327816971,0.0919760005,0.0086371728,NA,NA,0.0486582712,E07000112,Shepway
171,Slough  ,90059,32691,36.3,0.1921935701,0.4701905723,0.0289376281,0.2000244716,0.0375026766,0.0115016365,NA,NA,0.0596494448,E06000039,Slough
172,South Bucks ,52050,17743,34.1,0.4034267035,0.0895000845,0.0570365778,0.352646114,0.0556275714,0.0055796652,NA,NA,0.0361832835,E07000006,South Bucks
173,South Oxfordshire ,102421,35165,34.3,0.3569742642,0.1209441206,0.0926489407,0.2751030855,0.1118157259,0.0068818427,NA,NA,0.0356320205,E07000179,South Oxfordshire
174,Southampton ,167714,55591,33.1,0.2151247504,0.26227267,0.0606932777,0.292349481,0.1036498714,0.0094979403,NA,NA,0.0564120091,E06000045,Southampton
175,Spelthorne ,72971,25338,34.7,0.2840792486,0.1437366801,0.0572657668,0.4014128976,0.0607782777,0.0082090141,NA,NA,0.0445181151,E07000213,Spelthorne
176,Surrey Heath ,64481,21357,33.1,0.3943437749,0.0964554947,0.0720606827,0.3280891511,0.0628833638,0.0055251206,NA,NA,0.0406424123,E07000214,Surrey Heath
177,Swale  ,97554,32613,33.4,0.2525373317,0.1582804403,0.0402906816,0.4331094962,0.0637782479,0.0098427008,NA,NA,0.0421611014,E07000113,Swale
178,Tandridge  ,59807,25100,42,0.3766135458,0.0794023904,0.085059761,0.3410358566,0.0671314741,0.0064143426,NA,NA,0.0443426295,E07000215,Tandridge
179,Test Valley  ,92664,34381,37.1,0.3638928478,0.087228411,0.0900206509,0.3276519008,0.0849015445,0.0063116256,NA,NA,0.0399930194,E07000093,Test Valley
180,Thanet ,98854,35836,36.3,0.2236856792,0.1676526398,0.0326487331,0.4602076125,0.0642928898,0.0073668936,NA,NA,0.044145552,E07000114,Thanet
181,Tonbridge and Malling ,86772,31631,36.5,0.3458632354,0.1157092725,0.0630710379,0.3591413487,0.070816604,0.0061016092,NA,NA,0.0392968923,E07000115,Tonbridge and Malling
182,Tunbridge Wells  ,80452,31822,39.6,0.3687386085,0.1081013136,0.0871723965,0.3006410659,0.0848155364,0.0060649865,NA,NA,0.0444660926,E07000116,Tunbridge Wells
183,Vale White Horse ,93068,33424,35.9,0.3275490665,0.1226962662,0.1397797989,0.2613092389,0.1072881762,0.0051759215,NA,NA,0.0362015318,E07000180,Vale of White Horse
184,Waverley  ,92096,34203,37.1,0.4108996287,0.0835891588,0.0948747186,0.2639242172,0.1058386691,0.0047364266,NA,NA,0.0361371809,E07000216,Waverley
185,Wealden ,117333,44453,37.9,0.3374350438,0.082514116,0.0697590714,0.3736080804,0.0909274965,0.0053539694,NA,NA,0.0404022226,E07000065,Wealden
186,West Berkshire ,114388,40357,35.3,0.3794632901,0.0985207027,0.1060534728,0.2900612038,0.0840002973,0.0073345392,NA,NA,0.034566494,E06000037,West Berkshire
187,West Oxfordshire ,79555,30601,38.5,0.3872749257,0.1282637822,0.0733636156,0.2513643345,0.1076762197,0.0063396621,NA,NA,0.0457174602,E07000181,West Oxfordshire
188,Winchester City ,92203,39654,43,0.3700005044,0.0829928885,0.167650174,0.2285267564,0.1126241993,0.0048671004,NA,NA,0.033338377,E07000094,Winchester
189,Woking Borough ,70317,27528,39.1,0.378523685,0.1319020634,0.1172260971,0.2464399884,0.074251671,0.00704737,NA,NA,0.0446091253,E07000217,Woking
190,Wokingham ,118842,46246,38.9,0.3895688276,0.118150759,0.1095013623,0.2517190676,0.0832071963,0.0057950958,NA,NA,0.0420576915,E06000041,Wokingham
191,Worthing ,78618,28117,35.8,0.286161397,0.1119607355,0.0842195113,0.3623430665,0.1021801757,0.0056193762,NA,NA,0.0475157378,E07000229,Worthing
192,Wycombe  ,126005,41250,32.7,0.3589575758,0.1412606061,0.068630303,0.3020606061,0.082230303,0.0058666667,NA,NA,0.0409939394,E07000007,Wycombe
193,Babergh District Council ,69928,26358,37.7,0.3124288641,0.1314591395,0.0666590788,0.3496851051,0.1023598149,0.0046665149,NA,NA,0.0327414827,E07000200,Babergh
194,Basildon District Council ,131950,42230,32,0.2415818139,0.1728865735,0.0291972531,0.4481648117,0.048117452,0.0133554345,NA,NA,0.0466966611,E07000066,Basildon
195,Bedford Borough Council ,119150,40572,34.1,0.2821650399,0.2366903283,0.0804988662,0.2827072858,0.0699004239,0.007665385,NA,NA,0.0403726708,E06000055,Bedford
196,Braintree District Council ,110249,37445,34,0.2952330084,0.1470423287,0.0389371078,0.3910001335,0.0830017359,0.0081986914,NA,NA,0.0365869943,E07000067,Braintree
197,Breckland District Council ,94755,34097,36,0.2891456726,0.1296301727,0.0355163211,0.422119248,0.080388304,0.0069800862,NA,NA,0.0362201953,E07000143,Breckland
198,Brentwood Borough Council ,58238,22747,39.1,0.3283509913,0.1032663648,0.0827801468,0.3745988482,0.0632610894,0.0085285972,NA,NA,0.0392139623,E07000068,Brentwood
199,Broadland District Council ,98103,35244,35.9,0.2926171831,0.1500397231,0.0607763023,0.366019748,0.0968959255,0.005277494,NA,NA,0.0283736239,E07000144,Broadland
200,Broxbourne Borough Council ,69639,22945,32.9,0.3141860972,0.1461320549,0.0260623229,0.4135541512,0.0423621704,0.011898017,NA,NA,0.0458051863,E07000095,Broxbourne
201,Cambridge City Council ,84292,37057,44,0.1587554308,0.2794613703,0.2122675878,0.1237283104,0.1991796422,0.0032922255,NA,NA,0.023315433,E07000008,Cambridge
202,Castle Point Borough Council ,67670,23853,35.2,0.2582065149,0.1255188027,0.0184043936,0.4775499937,0.0482538884,0.0145055129,NA,NA,0.0575608938,E07000069,Castle Point
203,Central Bedfordshire ,201913,66641,33,0.3146261311,0.1444005942,0.0530304167,0.367776594,0.0753139959,0.0076079291,NA,NA,0.0372443391,E06000056,Central Bedfordshire
204,Chelmsford Borough Council ,128335,43612,34,0.3144547372,0.1211822434,0.0869026873,0.3683619187,0.0725029808,0.0053654957,NA,NA,0.0312299367,E07000070,Chelmsford
205,Colchester Borough Council ,123218,45439,36.9,0.279055437,0.1477805409,0.1111160017,0.3188670525,0.0999801932,0.0064702128,NA,NA,0.0367305619,E07000071,Colchester
206,Dacorum Borough Council ,109482,36211,33.1,0.3227748474,0.1615255033,0.0822125873,0.3065919196,0.0889784872,0.0068211317,NA,NA,0.0310955235,E07000096,Dacorum
207,East Cambs District Council ,62835,21016,33.4,0.3184240579,0.1214312904,0.1095831747,0.3118100495,0.1002093643,0.0053768557,NA,NA,0.0331652075,E07000009,East Cambridgeshire
208,East Herts District Council ,100340,37351,37.2,0.3572327381,0.1369441247,0.0646301304,0.3160825681,0.0870927151,0.0068271264,NA,NA,0.0311905973,E07000242,East Hertfordshire
209,Epping Forest District Council ,97320,34429,35.4,0.3120044149,0.1137122774,0.0496383862,0.4027418746,0.0668331929,0.0113276598,NA,NA,0.0437421941,E07000072,Epping Forest
210,Fenland District Council  ,69659,23152,33.2,0.2886143746,0.108845888,0.0336040083,0.4730044921,0.0421561852,0.0101935038,NA,NA,0.043581548,E07000010,Fenland
211,Forest Heath District Council  ,38087,12688,33.3,0.2827080706,0.1111286255,0.0335750315,0.4582282472,0.0600567465,0.0086696091,NA,NA,0.0456336696,E07000201,Forest Heath
212,Great Yarmouth Borough Council ,71903,26095,36.3,0.2249856294,0.2080475187,0.0177428626,0.4516574056,0.0507760107,0.0101935237,NA,NA,0.0365970492,E07000145,Great Yarmouth
213,Harlow Council ,60664,20655,34,0.2091019124,0.2607601065,0.0276930525,0.3922052772,0.0484628419,0.0118131203,NA,NA,0.0499636892,E07000073,Harlow
214,Hertsmere Borough Council ,75789,26326,34.7,0.3767378257,0.174884145,0.0480893413,0.2907012079,0.060092684,0.0070272734,NA,NA,0.0424675226,E07000098,Hertsmere
215,Huntingdonshire District Council ,126882,45623,36,0.3361243233,0.1005413936,0.0786664621,0.367468163,0.0744580584,0.0052385858,NA,NA,0.0375030138,E07000011,Huntingdonshire
216,Ipswich Borough Council ,94737,34072,36,0.2205916882,0.2892697816,0.0477811693,0.3111939422,0.079243954,0.0090103311,NA,NA,0.0429091336,E07000202,Ipswich
217,Kings Lynn & West Norfolk Borough Council  ,112438,39284,34.9,0.292358212,0.14158436,0.0318704816,0.4163527136,0.0738723144,0.0081967213,NA,NA,0.035765197,E07000146,King`s Lynn and West Norfolk
218,Luton Borough Council ,132825,39898,30,0.1623139004,0.4222517419,0.0394004712,0.2751516367,0.0487743747,0.0107273548,NA,NA,0.0413805203,E06000032,Luton
219,Maldon District Council ,47824,17320,36.2,0.3232678984,0.1084295612,0.0366050808,0.4086605081,0.0806004619,0.01073903,NA,NA,0.0316974596,E07000074,Maldon
220,Mid Suffolk District Council ,76471,28907,37.8,0.3236240357,0.1138478569,0.0556266648,0.3358356108,0.1309025496,0.0060193033,NA,NA,0.034143979,E07000203,Mid Suffolk
221,North Herts District Council ,98280,36846,37.5,0.3307550345,0.1881072572,0.0788145253,0.2667046626,0.0995494762,0.0057265375,NA,NA,0.0303425066,E07000099,North Hertfordshire
222,North Norfolk District Council ,81866,32530,39.7,0.2589302183,0.1091915155,0.1362434676,0.3768828773,0.0869658777,0.0056255764,NA,NA,0.0261604673,E07000147,North Norfolk
223,Norwich City Council ,103801,38514,37.1,0.1448304513,0.2954250402,0.073765384,0.209430337,0.2391338215,0.0065430752,NA,NA,0.0308718907,E07000148,Norwich
224,Peterborough City Council ,124044,45913,37,0.255788121,0.2510400105,0.0454990961,0.3349595975,0.0565635005,0.0093001982,NA,NA,0.0468494762,E06000031,Peterborough
225,Rochford District Council ,66054,23764,36,0.2954468945,0.105790271,0.0341272513,0.4344386467,0.0662767211,0.0081636088,NA,NA,0.0557566066,E07000075,Rochford
226,South Cambs District Council ,111666,47459,42.5,0.324364188,0.1388356265,0.1481910702,0.2415558693,0.1155945132,0.0041509513,NA,NA,0.0273077815,E07000012,South Cambridgeshire
227,South Norfolk Council ,99147,37431,37.8,0.3250781438,0.1327242126,0.0711709546,0.3178648714,0.1175229088,0.0060377762,NA,NA,0.0296011328,E07000149,South Norfolk
228,Southend Borough Council ,129688,43033,33.2,0.2677712453,0.1559500848,0.0614644575,0.3710408291,0.0787070388,0.0106197569,NA,NA,0.0544465875,E06000033,Southend-on-Sea
229,St Albans City Council ,104688,45112,43.1,0.3352323107,0.1809718035,0.1397854229,0.2143997163,0.0984882071,0.0036797304,NA,NA,0.027442809,E07000240,St Albans
230,St Edmundsbury Borough Council ,80330,29762,37,0.3099590081,0.133425173,0.0505342383,0.3635844365,0.0975404879,0.0072575768,NA,NA,0.0376990794,E07000204,St Edmundsbury
231,Stevenage Borough Council ,64107,23082,36,0.2132397539,0.293128845,0.0528550386,0.3276579153,0.0571007712,0.0087947318,NA,NA,0.0472229443,E07000243,Stevenage
232,Suffolk Coastal District Council ,93213,38868,41.7,0.3341309046,0.1350468252,0.0699289904,0.3184882165,0.1033240712,0.0059174642,NA,NA,0.0331635278,E07000205,Suffolk Coastal
233,Tendring District Council ,110610,40118,36.3,0.2487910664,0.1306396131,0.021137644,0.4835236054,0.0649085199,0.0102198514,NA,NA,0.0407796999,E07000076,Tendring
234,Three Rivers District Council ,67246,25231,37.5,0.3360152194,0.1298006421,0.1320597677,0.2927351274,0.0674963339,0.0074511514,NA,NA,0.0344417582,E07000102,Three Rivers
235,Thurrock Borough Council ,109359,37951,34.7,0.1946457274,0.227793734,0.0167848015,0.4589075387,0.0340702485,0.0164159047,NA,NA,0.0513820453,E06000034,Thurrock
236,Uttlesford District Council ,62452,22820,36.5,0.3605170903,0.0968886941,0.0948290973,0.319675723,0.0883873795,0.0071866784,NA,NA,0.0325153374,E07000077,Uttlesford
237,Watford Borough Council ,65442,25002,38.2,0.2125029998,0.2631789457,0.1504679626,0.2395808335,0.0741940645,0.0091992641,NA,NA,0.0508759299,E07000103,Watford
238,Waveney District Council ,90264,31054,34.4,0.2509499581,0.2198750564,0.0272428673,0.3690667869,0.090262124,0.0075030592,NA,NA,0.0351001481,E07000206,Waveney
239,Welwyn Hatfield Council ,79039,28589,36.2,0.3250900696,0.1903879114,0.0642554829,0.2983665046,0.0725803631,0.008884536,NA,NA,0.0404351324,E07000241,Welwyn Hatfield
240,Birmingham ,715014,231587,32.4,0.1698238675,0.4047722886,0.0857258827,0.2248096828,0.0550678579,0.0137183866,NA,NA,0.046082034,E08000025,Birmingham
241,Bromsgrove ,72116,25994,36,0.3319612218,0.1596522274,0.044087097,0.3563899361,0.0515503578,0.0116180657,NA,NA,0.0447410941,E07000234,Bromsgrove
242,Cannock Chase ,75130,21756,29,0.2118496047,0.2650303365,0.0326346755,0.388306674,0.027992278,0.0217411289,NA,NA,0.0524453024,E07000192,Cannock Chase
243,Coventry ,223394,69194,31,0.1778477903,0.3794982224,0.0343526895,0.2647483886,0.0614504148,0.0182241235,NA,NA,0.063878371,E08000026,Coventry
244,Dudley ,238888,83057,34.8,0.2215586886,0.2590148934,0.0219247023,0.3839652287,0.0435845263,0.0180358067,NA,NA,0.051916154,E08000027,Dudley
245,East Staffordshire ,85133,27706,32.5,0.2948458818,0.2275680358,0.0375369956,0.3393488775,0.0364902909,0.0152313578,NA,NA,0.0489785606,E07000193,East Staffordshire
246,Herefordshire ,134089,47092,35.1,0.3337509556,0.1060689714,0.08693621,0.3280812028,0.092733373,0.0075384354,NA,NA,0.0448908519,E06000019,"Herefordshire, County of"
247,Lichfield ,80019,25264,31.6,0.323860038,0.1643841039,0.0500712476,0.355248575,0.0408486384,0.008628879,NA,NA,0.056958518,E07000194,Lichfield
248,Malvern Hills ,59536,22098,37.1,0.3397592542,0.1017286632,0.1048511177,0.3142365825,0.0893293511,0.0083717984,NA,NA,0.0417232329,E07000235,Malvern Hills
249,Newcastle-under-Lyme ,98155,31315,31.9,0.2170525307,0.2589174517,0.044962478,0.3522912342,0.0513491937,0.0181063388,NA,NA,0.0573207728,E07000195,Newcastle-under-Lyme
250,North Warwickshire ,49296,16577,33.6,0.2514930325,0.2238643904,0.0244917657,0.3925921457,0.041865235,0.0158653556,NA,NA,0.049828075,E07000218,North Warwickshire
251,Nuneaton & Bedworth ,94061,31414,33.4,0.2188196346,0.3025084357,0.0218692303,0.3275291271,0.0479404087,0.0205959127,NA,NA,0.0607372509,E07000219,Nuneaton and Bedworth
252,Redditch ,60657,21326,35.2,0.2468348495,0.2515708525,0.0353559036,0.3620932195,0.0402325799,0.0123792554,NA,NA,0.0515333396,E07000236,Redditch
253,Rugby ,73891,28362,38.4,0.3026232283,0.2105634299,0.0736548903,0.2926450885,0.0556025668,0.0125520062,NA,NA,0.0523587899,E07000220,Rugby
254,Sandwell ,222706,69104,31,0.1169830979,0.4484689743,0.0190582311,0.3006482982,0.0323280852,0.0214169947,NA,NA,0.0610963186,E08000028,Sandwell
255,Shropshire ,226841,78073,34.4,0.3191884518,0.1432633561,0.0857786943,0.3299348046,0.0710360816,0.010605459,NA,NA,0.0401931526,E06000051,Shropshire
256,Solihull ,161999,54175,33.4,0.3105306876,0.13347485,0.0897646516,0.3246885095,0.0689247808,0.0139732349,NA,NA,0.0586432856,E08000029,Solihull
257,South Staffordshire ,86009,27199,31.6,0.3305268576,0.1338284496,0.0257730064,0.4072208537,0.0325011949,0.012794588,NA,NA,0.0573550498,E07000196,South Staffordshire
258,Stafford ,96083,31868,33.2,0.314798544,0.2013932471,0.0450608761,0.3321513744,0.0578323083,0.008127275,NA,NA,0.040636375,E07000197,Stafford
259,Staffordshire Moorlands ,78500,23312,29.7,0.2914807824,0.1837251201,0.051604324,0.3674931366,0.0449553878,0.0145847632,NA,NA,0.0461564859,E07000198,Staffordshire Moorlands
260,Stoke-on-Trent ,186143,43234,23.2,0.1468057547,0.2952537355,0.0275477633,0.3970254892,0.0396447241,0.0319887126,NA,NA,0.0617338206,E06000021,Stoke-on-Trent
261,Stratford on Avon ,96783,38562,39.8,0.378429542,0.1062444894,0.1102121259,0.2960686686,0.0558580986,0.0074684923,NA,NA,0.0457185831,E07000221,Stratford-on-Avon
262,Tamworth ,57316,18939,33,0.2715032473,0.2394001795,0.0256085327,0.34711442,0.0353239347,0.0159459317,NA,NA,0.0651037542,E07000199,Tamworth
263,Telford & Wrekin ,122321,42632,34.9,0.245167949,0.2493666729,0.037718146,0.3616297617,0.0408378683,0.0164195909,NA,NA,0.0488600113,E06000020,Telford and Wrekin
264,Walsall ,196807,65613,33.3,0.2149421609,0.310487251,0.0284699678,0.3358633198,0.0283327999,0.0225412647,NA,NA,0.0593632359,E08000030,Walsall
265,Warwick ,99432,37577,37.8,0.3194773399,0.2179258589,0.0916518083,0.2293690289,0.0930888575,0.0083029513,NA,NA,0.0401841552,E07000222,Warwick
266,Wolverhampton ,174325,57170,32.8,0.1749169145,0.3784852195,0.0274444639,0.3130138184,0.0349483995,0.0199055449,NA,NA,0.0512856393,E08000031,Wolverhampton
267,Worcester ,72960,26879,36.8,0.2673090517,0.2474422412,0.0493693962,0.2870270471,0.0827411734,0.0127236876,NA,NA,0.0533874028,E07000237,Worcester
268,Wychavon ,90807,34558,38.1,0.3681057932,0.1043173795,0.0723710863,0.3505411193,0.0486428613,0.0097227849,NA,NA,0.0462989756,E07000238,Wychavon
269,Wyre Forest ,76893,27570,35.9,0.2807399347,0.1819006166,0.0442872688,0.366231411,0.0520856003,0.0131664853,NA,NA,0.0615886834,E07000239,Wyre Forest
270,Amber Valley ,98256,35953,36.6,0.2687397436,0.2603120741,0.0366589714,0.3223653103,0.0551553417,0.0233916502,NA,NA,0.0333769087,E07000032,Amber Valley
271,Ashfield ,88429,26703,30.2,0.1538778414,0.2932254803,0.0738868292,0.3744148598,0.0362506085,0.0258023443,NA,NA,0.0425420365,E07000170,Ashfield
272,Bassetlaw ,84762,28344,33.4,0.2127434378,0.3344270392,0.0305179227,0.3316751341,0.0349280271,0.018663562,NA,NA,0.0370448772,E07000171,Bassetlaw
273,Blaby ,73121,23571,32.2,0.3036782487,0.1702940053,0.0483645157,0.3669339443,0.0574858937,0.0175639557,NA,NA,0.0356794366,E07000129,Blaby
274,Bolsover ,57243,15564,27.2,0.1328064765,0.3732973529,0.0226805448,0.3634669751,0.039385762,0.0283988692,NA,NA,0.0399640195,E07000033,Bolsover
275,Boston ,44081,14676,33.3,0.2494548923,0.1099073317,0.0429953666,0.5158081221,0.0303216135,0.0145816299,NA,NA,0.0369310439,E07000136,Boston
276,Broxtowe ,81239,30588,37.7,0.2414672421,0.2653981954,0.0639793383,0.3101870014,0.0776121355,0.0145154963,NA,NA,0.0268405911,E07000172,Broxtowe
277,Charnwood ,133336,40370,30.3,0.3033936091,0.2328461729,0.047436215,0.3078028239,0.0661629923,0.0172405251,NA,NA,0.0251176616,E07000130,Charnwood
278,Chesterfield ,80634,24770,30.7,0.1285022204,0.3689140089,0.0985062576,0.3042793702,0.0521598708,0.0177230521,NA,NA,0.02991522,E07000034,Chesterfield
279,Corby ,43428,14656,33.7,0.1617767467,0.3860534934,0.0270196507,0.3499590611,0.0353438865,0.0147379913,NA,NA,0.0251091703,E07000150,Corby
280,Daventry ,60665,23049,38,0.3754609744,0.1301141047,0.0480714998,0.3445702634,0.0578333116,0.0114104733,NA,NA,0.0325393726,E07000151,Daventry
281,Derby City Council ,175766,60460,34.4,0.2057889514,0.3135626861,0.0817730731,0.2981144558,0.0516870658,0.0167383394,NA,NA,0.0323354284,E06000015,Derby
282,Derbyshire Dales Dc ,57062,22523,39.5,0.3448918883,0.1739555121,0.0691293345,0.2793144785,0.0968787462,0.0109221685,NA,NA,0.024907872,E07000035,Derbyshire Dales
283,East Lindsey Dc ,105758,35576,33.6,0.2826062514,0.1258994828,0.0511299753,0.4422363391,0.0428659771,0.0159377108,NA,NA,0.0393242635,E07000137,East Lindsey
284,East Northamptonshire Dc ,65203,23648,36.3,0.3342354533,0.1564614344,0.045712111,0.3682341001,0.052435724,0.0146312585,NA,NA,0.0282899188,E07000152,East Northamptonshire
285,Erewash ,85209,29045,34.1,0.2637631262,0.2648992942,0.0337751765,0.3365467378,0.0501635393,0.0183852642,NA,NA,0.0324668618,E07000036,Erewash
286,Gedling ,86012,29475,34.3,0.2473282443,0.2669041561,0.0390839695,0.3421543681,0.0611704835,0.0135368957,NA,NA,0.029821883,E07000173,Gedling
287,Harborough ,67096,24290,36.2,0.380156443,0.1241251544,0.0807739811,0.3085220255,0.0669822972,0.0110745163,NA,NA,0.0283655825,E07000131,Harborough
288,High Peak ,71890,24567,34.2,0.2459803802,0.2614075793,0.0588594456,0.2881914764,0.1103105792,0.0124150283,NA,NA,0.0228355111,E07000037,High Peak
289,Hinckley & Bosworth Borough ,84868,27158,32,0.2823845644,0.1390750423,0.1127844466,0.3713086383,0.0462478828,0.0182266735,NA,NA,0.029972752,E07000132,Hinckley and Bosworth
290,Kettering ,70374,24053,34.2,0.3093585,0.1947781981,0.0379578431,0.3624495905,0.0486010061,0.013802852,NA,NA,0.0330520101,E07000153,Kettering
291,Leicester City Council ,220706,70642,32,0.1456640525,0.5286373545,0.0370884177,0.1815209082,0.0621443334,0.0184734294,NA,NA,0.0264715042,E06000016,Leicester
292,Lincoln ,62156,18986,30.5,0.2294848836,0.2984304224,0.0487727799,0.3008532603,0.0740018961,0.0156957758,NA,NA,0.0327609818,E07000138,Lincoln
293,Mansfield ,77133,21874,28.4,0.1659047271,0.3026881229,0.0265154979,0.4005211667,0.0370759806,0.0202980708,NA,NA,0.0469964341,E07000174,Mansfield
294,Melton Borough Council ,39419,12476,31.6,0.3621352998,0.131131773,0.0510580314,0.3400128246,0.0730201988,0.0150689324,NA,NA,0.02757294,E07000133,Melton
295,Newark & Sherwood District Council ,85889,30910,36,0.3119055322,0.2135554837,0.0611129084,0.3243934002,0.0489485603,0.0143966354,NA,NA,0.0256874798,E07000175,Newark and Sherwood
296,North East Derbyshire ,79331,24946,31.4,0.2144632406,0.3047783212,0.0364787942,0.3440631765,0.048825463,0.0180790507,NA,NA,0.0333119538,E07000038,North East Derbyshire
297,North Kesteven District Council ,84235,26201,31.1,0.3292622419,0.1264455555,0.0549597344,0.3888782871,0.0538529064,0.0112209458,NA,NA,0.035380329,E07000139,North Kesteven
298,North West Leicestershire ,72506,22751,31.4,0.2716364116,0.2300558217,0.0462397257,0.3496549602,0.0501076876,0.0202628456,NA,NA,0.0320425476,E07000134,North West Leicestershire
299,Northampton Borough Council ,144008,48465,33.7,0.2556071392,0.2246157021,0.0522645208,0.3527494068,0.0662127308,0.016671825,NA,NA,0.0318786753,E07000154,Northampton
300,Nottingham City Council ,196818,58122,29.5,0.1546230343,0.4065758233,0.0421699184,0.2504731427,0.0951619008,0.0203537387,NA,NA,0.0306424418,E06000018,Nottingham
301,Oadby & Wigston Borough Council ,44689,14785,33.1,0.2641190396,0.1899898546,0.1322962462,0.3040919851,0.0620223199,0.0163679405,NA,NA,0.0311126141,E07000135,Oadby and Wigston
302,Rushcliffe Borough Council ,85939,34589,40.2,0.3550839862,0.2011333083,0.0686056261,0.2451646477,0.0972274423,0.0091647634,NA,NA,0.0236202261,E07000176,Rushcliffe
303,Rutland County Council ,28933,10282,35.5,0.3871814822,0.1065940479,0.0761524995,0.3121960708,0.0780976464,0.0104065357,NA,NA,0.0293717176,E06000017,Rutland
304,South Derbyshire District Council ,74063,24149,32.6,0.2936767568,0.2349993789,0.0342043149,0.3480889478,0.0440597954,0.0180545778,NA,NA,0.0269162284,E07000039,South Derbyshire
305,South Holland ,65090,21459,33,0.2937229135,0.0904049583,0.0331795517,0.4850179412,0.0358357799,0.0180343912,NA,NA,0.0438044643,E07000140,South Holland
306,South Kesteven District Council ,105107,33976,32.3,0.3411820108,0.136213798,0.0559512597,0.3634918766,0.0570696963,0.0123616671,NA,NA,0.0337296915,E07000141,South Kesteven
307,South Northamptonshire District ,68912,25524,37,0.3747453377,0.114049522,0.0564566682,0.342775427,0.0738520608,0.0105782793,NA,NA,0.0275427049,E07000155,South Northamptonshire
308,Wellingborough Borough Council ,52929,18462,34.9,0.2871303217,0.2073448164,0.0350991225,0.3728740115,0.0489654425,0.0147871303,NA,NA,0.033799155,E07000156,Wellingborough
309,West Lindsey District Council ,73320,23083,31.5,0.3139539921,0.1321751939,0.0901096045,0.365030542,0.0540224408,0.0132131872,NA,NA,0.0314950396,E07000142,West Lindsey
310,Barnsley ,179405,53061,29.6,0.1079700722,0.3666534743,0.0215223987,0.3585684401,0.0507905995,0.0256120314,NA,NA,0.0688829837,E08000016,Barnsley
311,Bradford ,342381,128787,37.6,0.1651331268,0.3944963389,0.0697430641,0.2478122792,0.0682755247,0.0142871563,NA,NA,0.04025251,E08000032,Bradford
312,Calderdale ,145597,52704,36.2,0.2256754706,0.2716871585,0.0624620522,0.2838494232,0.0822518215,0.0169816333,NA,NA,0.0570924408,E08000033,Calderdale
313,Craven ,44473,17001,38.2,0.3288630081,0.1485794953,0.0670548791,0.2859831775,0.1073466267,0.0114110935,NA,NA,0.0507617199,E07000163,Craven
314,Doncaster ,219729,69142,31.5,0.1409707558,0.3433947528,0.0270313268,0.3505828585,0.0393682566,0.0206965376,NA,NA,0.0779555118,E08000017,Doncaster
315,East Riding of Yorkshire ,266618,84518,31.7,0.2903641828,0.1529851629,0.0586620602,0.3796114437,0.0673347689,0.0104001514,NA,NA,0.0406422301,E06000011,East Riding of Yorkshire
316,Hambleton ,70942,24516,34.6,0.3923152227,0.1228585414,0.0580437265,0.2934002284,0.0810491108,0.0084026758,NA,NA,0.0439304944,E07000164,Hambleton
317,Harrogate ,117772,44435,37.7,0.351322156,0.0955553055,0.1350737032,0.2942275233,0.0807021492,0.0061213008,NA,NA,0.036997862,E07000165,Harrogate
318,Kingston upon Hull ,184408,49696,26.9,0.0824211204,0.3180738892,0.1183797489,0.3576545396,0.0658201867,0.0154539601,NA,NA,0.0421965551,E06000010,"Kingston upon Hull, City of"
319,Kirklees ,309219,109941,35.6,0.191893834,0.3375719704,0.0532012625,0.2690170182,0.0845999218,0.0173092841,NA,NA,0.0464067091,E08000034,Kirklees
320,Leeds ,534130,185050,34.6,0.1871169954,0.3268467982,0.063528776,0.2735855174,0.0931153742,0.0134774385,NA,NA,0.0423291002,E08000035,Leeds
321,North Lincolnshire ,124505,37105,29.8,0.263010376,0.2345236491,0.0302924134,0.3617032745,0.0533890311,0.0182994206,NA,NA,0.0387818353,E06000013,North Lincolnshire
322,North East Lincolnshire ,113607,35140,30.9,0.2126636312,0.2284291406,0.0451622083,0.4122936824,0.0484348321,0.0130620376,NA,NA,0.0399544678,E06000012,North East Lincolnshire
323,Richmondshire ,35643,11608,32.6,0.3705203308,0.1121640248,0.0590110269,0.3192625775,0.0878704342,0.008356306,NA,NA,0.0428152998,E07000166,Richmondshire
324,Rotherham ,194956,68119,34.9,0.1096903948,0.3420337938,0.0197154979,0.4102966867,0.0414862226,0.0264096654,NA,NA,0.0503677388,E08000018,Rotherham
325,Ryedale ,40421,13860,34.3,0.3545454545,0.1124098124,0.0811688312,0.3018759019,0.0966089466,0.0082972583,NA,NA,0.0450937951,E07000167,Ryedale
326,Scarborough ,84236,26178,31.1,0.2678585071,0.1790052716,0.0419818168,0.3665673466,0.085109634,0.0112690045,NA,NA,0.0482084193,E07000168,Scarborough
327,Selby ,65954,21109,32,0.3109100384,0.1975460704,0.037093183,0.3390023213,0.0569899095,0.0133592307,NA,NA,0.0450992468,E07000169,Selby
328,Sheffield ,393077,141504,36,0.1083290932,0.3361813094,0.101050147,0.2765928878,0.1221732248,0.0156462008,NA,NA,0.040027137,E08000019,Sheffield
329,Wakefield ,247649,75927,30.7,0.1495120313,0.3396551951,0.0242733152,0.3604251452,0.0500744136,0.021178237,NA,NA,0.0548816626,E08000036,Wakefield
330,York ,153470,47300,30.8,0.231564482,0.2250528541,0.1041014799,0.2387737844,0.1576321353,0.0073784355,NA,NA,0.0354968288,E06000014,York
331,Allerdale ,69633,25098,36,0.2397402183,0.2907004542,0.0529125827,0.2883496693,0.0651047892,0.0253805084,NA,NA,0.0378117778,E07000026,Allerdale
332,Barrow-in-Furness ,52467,12368,23.6,0.1970407503,0.3474288486,0.0213454075,0.3311772316,0.0506953428,0.0142302717,NA,NA,0.0380821475,E07000027,Barrow-in-Furness
333,Blackburn with Darwen ,103332,39166,37.9,0.18278609,0.4594035643,0.0280600521,0.236557218,0.0388347036,0.0245365879,NA,NA,0.0298217842,E06000008,Blackburn with Darwen
334,Blackpool ,108675,32695,30.1,0.2239180303,0.2827037773,0.0249273589,0.3388285671,0.0468267319,0.0378345313,NA,NA,0.0449610032,E06000009,Blackpool
335,Bolton ,197296,72156,36.6,0.1898109651,0.3548977216,0.0317367925,0.3185182105,0.0483119907,0.0212594933,NA,NA,0.0354648262,E08000001,Bolton
336,Burnley ,66527,21807,32.8,0.1280322832,0.3367267391,0.1380749301,0.2873389279,0.0382446004,0.0368230385,NA,NA,0.0347594809,E07000117,Burnley
337,Bury ,142517,51353,36,0.2331898818,0.3349560883,0.041574981,0.2757774619,0.0599770218,0.0169805075,NA,NA,0.0375440578,E08000002,Bury
338,Carlisle ,84704,29005,34.2,0.2825374935,0.2521634201,0.0441647992,0.2958110671,0.0652646096,0.0199965523,NA,NA,0.0400620583,E07000028,Carlisle
339,Cheshire East ,284213,92597,32.6,0.3336285193,0.1813989654,0.0641165481,0.3017376373,0.0753372139,0.0120630258,NA,NA,0.0317180902,E06000049,Cheshire East
340,Cheshire West and Chester ,253856,79164,31.2,0.2809231469,0.2479409833,0.0592441009,0.2987342732,0.0729119297,0.0115961801,NA,NA,0.0286493861,E06000050,Cheshire West and Chester
341,Chorley ,81958,32409,39.5,0.2617791354,0.3169798513,0.0283871764,0.2912154031,0.052547132,0.0142244438,NA,NA,0.034866858,E07000118,Chorley
342,Copeland ,53867,18325,34,0.2493860846,0.3153069577,0.0312687585,0.292005457,0.0404911323,0.0284856753,NA,NA,0.0430559345,E07000029,Copeland
343,Eden ,41517,13410,32.3,0.3598806861,0.102759135,0.1501118568,0.2507084265,0.0927665921,0.0136465324,NA,NA,0.0301267711,E07000030,Eden
344,Fylde ,60517,21325,35.2,0.3482766706,0.1398827667,0.041922626,0.332098476,0.0762954279,0.0142555686,NA,NA,0.0472684642,E07000119,Fylde
345,Halton ,93603,26497,28.3,0.1172962977,0.4565045099,0.0309846398,0.2837679737,0.0537041929,0.0179265577,NA,NA,0.0398158282,E06000006,Halton
346,Hyndburn ,60157,22269,37,0.2000089811,0.3221069648,0.0161659706,0.3455027168,0.0426602003,0.035340608,NA,NA,0.0382145584,E07000120,Hyndburn
347,Knowsley ,111927,32110,28.7,0.0571161632,0.5756462161,0.02198692,0.2319526627,0.0522890065,0.0193709125,NA,NA,0.041638119,E08000011,Knowsley
348,Lancaster ,103044,35051,34,0.2465550198,0.2469829677,0.0428518445,0.2664973895,0.1480414254,0.016689966,NA,NA,0.0323813871,E07000121,Lancaster
349,Liverpool ,319375,97687,30.6,0.0705518646,0.5181856337,0.0499964171,0.2090349791,0.1028693685,0.0122738952,NA,NA,0.0370878418,E08000012,Liverpool
350,Manchester ,360956,109917,30.5,0.0823348527,0.5142152715,0.0692431562,0.1589926945,0.1241482209,0.0162850151,NA,NA,0.0347807891,E08000003,Manchester
351,Oldham ,159565,55746,34.9,0.1299465432,0.3899831378,0.0866429878,0.2908011337,0.0425321996,0.0248627704,NA,NA,0.0352312274,E08000004,Oldham
352,Pendle ,66340,25927,39.1,0.2525552513,0.3042002546,0.0649901647,0.2627376866,0.0456281097,0.033941451,NA,NA,0.0359470822,E07000122,Pendle
353,Preston ,97044,33403,34.4,0.2132742568,0.3628117235,0.0535281262,0.2574319672,0.0601742358,0.0169745232,NA,NA,0.0358051672,E07000123,Preston
354,Ribble Valley ,45760,15116,33,0.3424186293,0.1141174914,0.094138661,0.3347446414,0.0730351945,0.0126356179,NA,NA,0.0289097645,E07000124,Ribble Valley
355,Rochdale ,155429,52438,33.7,0.1501201419,0.382566078,0.0495823639,0.3001640032,0.0485907167,0.0299591899,NA,NA,0.0390175064,E08000005,Rochdale
356,Rossendale ,52541,18404,35,0.2518474245,0.273364486,0.0287980874,0.3151488807,0.0610736796,0.0323299283,NA,NA,0.0374375136,E07000125,Rossendale
357,Salford ,171166,51238,29.9,0.1562512198,0.3679300519,0.02714782,0.3011631992,0.0695772669,0.0306608377,NA,NA,0.0472696046,E08000006,Salford
358,Sefton ,202387,69733,34.5,0.1692885721,0.3405274404,0.0901294939,0.2833378745,0.0678875138,0.0113002452,NA,NA,0.0375288601,E08000014,Sefton
359,South Lakeland ,80154,35710,44.6,0.2662279474,0.0908148978,0.319266312,0.201708205,0.0882385886,0.0090730888,NA,NA,0.0246709605,E07000031,South Lakeland
360,South Ribble ,85732,27985,32.6,0.2672503127,0.2389494372,0.0419510452,0.3456851885,0.0592102912,0.0148293729,NA,NA,0.0321243523,E07000126,South Ribble
361,St Helens ,135124,41602,30.8,0.1281428777,0.4522378732,0.041728763,0.2565501659,0.0561992212,0.0204557473,NA,NA,0.0446853517,E08000013,St. Helens
362,Stockport ,220409,79576,36.1,0.2229064039,0.2331481854,0.1552980798,0.2618000402,0.0775108073,0.0154946215,NA,NA,0.0338418619,E08000007,Stockport
363,Tameside ,169714,54355,32,0.1566185264,0.3747033392,0.0201269432,0.3165854107,0.0613926962,0.024560758,NA,NA,0.0460123264,E08000008,Tameside
364,Trafford ,160548,63188,39.4,0.2808128126,0.310501994,0.0629708172,0.2118598468,0.0834810407,0.0125181997,NA,NA,0.037855289,E08000009,Trafford
365,Warrington ,159018,51677,32.5,0.2086421425,0.3142016758,0.0754300753,0.2948313563,0.0556340345,0.0132554134,NA,NA,0.0380053022,E06000007,Warrington
366,West Lancashire ,86697,30875,35.6,0.2467044534,0.3232712551,0.0221214575,0.2974898785,0.0647125506,0.0120809717,NA,NA,0.0336194332,E07000127,West Lancashire
367,Wigan ,245936,69970,28.5,0.1361440617,0.3962412462,0.0200085751,0.3190938974,0.0508217808,0.0267257396,NA,NA,0.0509646992,E08000010,Wigan
368,Wirral ,238657,83032,34.8,0.2150496194,0.3501059832,0.0406710666,0.2623205511,0.0823176607,0.0128504673,NA,NA,0.0366846517,E08000015,Wirral
369,Wyre ,85415,30019,35.1,0.3155001832,0.1972750591,0.0240181219,0.3540091276,0.0546320664,0.0189879743,NA,NA,0.0355774676,E07000128,Wyre
370,Darlington ,78200,23145,29.6,0.2620004321,0.2826528408,0.0511125513,0.306632102,0.0489090516,0.0132642039,NA,NA,0.0354288183,E06000005,Darlington
371,Durham ,399294,110285,27.6,0.1550618851,0.3941787188,0.052346194,0.2814979372,0.0554563177,0.0210092034,NA,NA,0.0404497438,E06000047,County Durham
372,Gateshead ,147386,52061,35.3,0.1169013273,0.4301108315,0.0803480532,0.2730066653,0.0507865773,0.0165382916,NA,NA,0.0323082538,E08000037,Gateshead
373,Hartlepool ,70170,19041,27.1,0.157082086,0.3108555223,0.0268368258,0.3903156347,0.0410692716,0.019746862,NA,NA,0.0540937976,E06000001,Hartlepool
374,Middlesbrough ,98422,23773,24.2,0.1563959113,0.354561898,0.0312960081,0.3657510621,0.0406763976,0.0169520044,NA,NA,0.0343667185,E06000002,Middlesbrough
375,Newcastle upon Tyne ,201929,67197,33.3,0.1373573225,0.3859398485,0.1051535039,0.234564043,0.0798249922,0.0165483578,NA,NA,0.0406119321,E08000021,Newcastle upon Tyne
376,North Tyneside ,157388,54720,34.8,0.2020102339,0.3823647661,0.0399305556,0.263377193,0.0538925439,0.0151498538,NA,NA,0.0432748538,E08000022,North Tyneside
377,Northumberland ,242792,78480,32.3,0.2538735984,0.2769750255,0.0966488277,0.2737640163,0.0559760449,0.0122706422,NA,NA,0.0304918451,E06000057,Northumberland
378,Redcar & Cleveland ,103830,30702,29.6,0.1846133802,0.2784183441,0.0750765422,0.3611165396,0.0442642173,0.0155690183,NA,NA,0.0409419582,E06000003,Redcar and Cleveland
379,South Tyneside ,114445,38840,33.9,0.1280895984,0.4277548919,0.022554068,0.3083676622,0.0418640577,0.0238414006,NA,NA,0.0475283213,E08000023,South Tyneside
380,Stockton-on-Tees ,142428,41828,29.4,0.2381180071,0.3007315674,0.0414076695,0.3314048006,0.0390886488,0.0155159223,NA,NA,0.0337333843,E06000004,Stockton-on-Tees
381,Sunderland ,212496,68580,32.3,0.1598425197,0.4213910761,0.0284339458,0.3002770487,0.0384660251,0.0166083406,NA,NA,0.034981044,E08000024,Sunderland
